Feature,Percentage (%)
Vegan,29.166331745403024
Clean,51.09720205969314
Oily,15.379713552738236
Niacinamide,13.340067268330525
Hyaluronic,6.98463365101624
