,rating,review_length,sentiment_score
count,1032581.0,1032581.0,1032581.0
mean,4.302770436411284,60.10916915961072,0.6606305896583412
std,1.146711550043528,43.17779489443736,0.41692043253678435
min,1.0,0.0,-0.9946
25%,4.0,32.0,0.5809
50%,5.0,49.0,0.8402
75%,5.0,76.0,0.9337
max,5.0,1204.0,0.9999
