rating,mean,std
1,0.0006162271522254781,0.5723753374555888
2,0.24740357035281832,0.5552895690827021
3,0.46351583956492176,0.49560028847895515
4,0.7069411431243059,0.3443582818957756
5,0.758676182361105,0.3039254521820321
