rating,sentiment_score,review_length
1,0.0006162271522254781,53.78247523371006
2,0.24740357035281832,60.32685395289062
3,0.46351583956492176,64.45336767243633
4,0.7069411431243059,64.24990303951206
5,0.758676182361105,58.95929066657788
